[
  {
    "id": "d5870220-3812-4dc5-8d3f-099c840c7261",
    "data": [
      {
        "text": "artificial voice",
        "userDefined": false
      }
    ],
    "isTemplate": false,
    "count": 0,
    "updated": 1535729736
  },
  {
    "id": "66a398cb-045d-4868-aba8-3feaf81f49a2",
    "data": [
      {
        "text": "Lyrebird",
        "alias": "ssml-element",
        "meta": "@ssml-element",
        "userDefined": false
      },
      {
        "text": " voice",
        "userDefined": false
      }
    ],
    "isTemplate": false,
    "count": 0,
    "updated": 1535729736
  },
  {
    "id": "c8858b95-40f7-43f0-a7a8-7abd77e15861",
    "data": [
      {
        "text": "my personal voice",
        "userDefined": false
      }
    ],
    "isTemplate": false,
    "count": 0,
    "updated": 1535729736
  },
  {
    "id": "691a3f77-b289-4792-b22d-177548e46cde",
    "data": [
      {
        "text": "how to create a voice",
        "userDefined": false
      }
    ],
    "isTemplate": false,
    "count": 0,
    "updated": 1535729736
  },
  {
    "id": "b104cdb7-6037-4254-92cd-efb169596c4a",
    "data": [
      {
        "text": "How can I create my voice?",
        "userDefined": false
      }
    ],
    "isTemplate": false,
    "count": 0,
    "updated": 1535729736
  }
]