[
  {
    "id": "2e34ebdd-726e-459e-8218-56f3606ecd76",
    "data": [
      {
        "text": "jokes",
        "userDefined": false
      }
    ],
    "isTemplate": false,
    "count": 0,
    "updated": 1535662801
  },
  {
    "id": "8fce970c-75e3-4792-abdc-b3edc23a9f4c",
    "data": [
      {
        "text": "a joke",
        "userDefined": false
      }
    ],
    "isTemplate": false,
    "count": 0,
    "updated": 1535662801
  },
  {
    "id": "bba20389-1cb0-44e6-99f6-28e5a6d8d604",
    "data": [
      {
        "text": "Tell me something funny",
        "userDefined": false
      }
    ],
    "isTemplate": false,
    "count": 0,
    "updated": 1535662801
  },
  {
    "id": "a74a5d3e-00d5-4bf0-b979-f5bfb8d6ec3e",
    "data": [
      {
        "text": "Tell me a joke",
        "userDefined": false
      }
    ],
    "isTemplate": false,
    "count": 0,
    "updated": 1535662801
  }
]