[
  {
    "id": "c442854f-9e8b-4f42-8cd3-b394228720ea",
    "data": [
      {
        "text": "Who is him?",
        "userDefined": false
      }
    ],
    "isTemplate": false,
    "count": 0,
    "updated": 1535730656
  },
  {
    "id": "c58314ce-a681-4e69-92e4-8b839c9a807c",
    "data": [
      {
        "text": "Mouhamadou?",
        "userDefined": false
      }
    ],
    "isTemplate": false,
    "count": 0,
    "updated": 1535730656
  },
  {
    "id": "38dfa75b-47c4-4871-ba32-fe8c008d6814",
    "data": [
      {
        "text": "Who is ",
        "userDefined": false
      },
      {
        "text": "Mouhamadou",
        "alias": "ssml-element",
        "meta": "@ssml-element",
        "userDefined": true
      },
      {
        "text": "?",
        "userDefined": false
      }
    ],
    "isTemplate": false,
    "count": 0,
    "updated": 1535730656
  }
]